<?xml version="1.0" encoding="utf-8"?>
<lom xmlns="http://ltsc.ieee.org/xsd/LOM" xmlns:xsi="http://www.w3.org/2001/XMLSchema-instance" xmlns:pkgprop="http://www.scorm.com/xsd/ScormEnginePackageProperties" xsi:schemaLocation="http://ltsc.ieee.org/xsd/LOM lomLoose.xsd http://www.scorm.com/xsd/ScormEnginePackageProperties ScormEnginePackageProperties.xsd">
  <metametadata>
    <metadataSchema>LOMv1.0</metadataSchema>
    <metadataSchema>ADL SCORM 2004 4th Edition</metadataSchema>
    <identifier>
      <catalog>URI</catalog>
      <entry>ADGC.LiaScript.L10DatenberTabellengrenzenhinwegkombinierenVonSubquerieszuCTEszuJoins.70386e91-b733-4da3-9f7b-ebb99ff6ca67</entry>
    </identifier>
    <language>de</language>
    <contribute>
      <role>
        <source>LOMv1.0</source>
        <value>Creator</value>
      </role>
      <entity><![CDATA[BEGIN:VCARD
VERSION:2.1
FN:André Dietrich; GitHub Copilot
ORG:LiaScript
EMAIL;PREF;INTERNET:LiaScript@web.de
END:VCARD  ]]></entity>
      <date>
        <dateTime>2026-02-13</dateTime>
        <description language="de"><![CDATA[1770977379991]]></description>
      </date>
    </contribute>
  </metametadata>
  <general>
    <identifier>
      <catalog>URI</catalog>
      <entry>ADGC.LiaScript.L10DatenberTabellengrenzenhinwegkombinierenVonSubquerieszuCTEszuJoins.70386e91-b733-4da3-9f7b-ebb99ff6ca67</entry>
    </identifier>
    <title>
      <string language="de"><![CDATA[01ef39079]]></string>
    </title>
    <language>de</language>
    <description>
      <string language="de"><![CDATA[Diese Session erschließt die wahre Macht relationaler Datenbanken: das Kombinieren von Daten über Tabellengrenzen hinweg. Sie lernen vier Techniken kennen – vom kartesischen Produkt über Subqueries und CTEs bis zu expliziten JOINs (INNER, LEFT, RIGHT, FULL, CROSS) – und verstehen, wann welcher Ansatz optimal ist. Praxisnah am E-Commerce-Schema mit 7 normalisierten Tabellen erleben Sie, wie Foreign Keys Beziehungen herstellen, wie Anti-Joins fehlende Daten aufspüren, und wie Set-Operationen (UNION, INTERSECT, EXCEPT) Ergebnisse vertikal kombinieren. Am Ende beherrschen Sie Multi-Table-Queries – das Herzstück von SQL in Produktion.]]></string>
    </description>
    <structure>
      <source>LOMv1.0</source>
      <value>atomic</value>
    </structure>
    <aggregationLevel>
      <source>LOMv1.0</source>
      <value>1</value>
    </aggregationLevel>
  </general>
  <lifeCycle>
    <version>
      <string language="de">1.0.0</string>
    </version>
    <status>
      <source>LOMv1.0</source>
      <value>final</value>
    </status>
    <contribute>
      <entity><![CDATA[BEGIN:VCARD
VERSION:2.1
FN:André Dietrich; GitHub Copilot
ORG:LiaScript
EMAIL;PREF;INTERNET:LiaScript@web.de
END:VCARD  ]]></entity>
      <date>
        <dateTime>2026-02-13</dateTime>
        <description language="de"><![CDATA[1770977379991]]></description>
      </date>
    </contribute>
    <contribute>
      <role>
        <source>LOMv1.0</source>
        <value>Author</value>
      </role>
      <entity><![CDATA[BEGIN:VCARD
VERSION:2.1
FN:André Dietrich; GitHub Copilot
ORG:LiaScript
EMAIL;PREF;INTERNET:LiaScript@web.de
END:VCARD  ]]></entity>
      <date>
        <dateTime>2026-02-13</dateTime>
        <description language="de"><![CDATA[1770977379991]]></description>
      </date>
    </contribute>
    <contribute>
      <role>
        <source>LOMv1.0</source>
        <value>Publisher</value>
      </role>
      <entity><![CDATA[BEGIN:VCARD
VERSION:2.1
FN:André Dietrich; GitHub Copilot
NOTE:version 1.0.0 
ORG:LiaScript
EMAIL;PREF;INTERNET:LiaScript@web.de
END:VCARD  ]]></entity>
      <date>
        <dateTime>2026-02-13</dateTime>
        <description language="de"><![CDATA[1770977379991]]></description>
      </date>
    </contribute>
    <contribute>
      <role>
        <source>LOMv1.0</source>
        <value>Technical Implementer</value>
      </role>
      <entity><![CDATA[BEGIN:VCARD
VERSION:2.1
FN:André Dietrich; GitHub Copilot
ORG:LiaScript
EMAIL;PREF;INTERNET:LiaScript@web.de
END:VCARD  ]]></entity>
      <date>
        <dateTime>2026-02-13</dateTime>
        <description language="de"><![CDATA[1770977379991]]></description>
      </date>
    </contribute>
  </lifeCycle>
  <technical>
    <format>text/html</format>
    <format>application/x-javascript</format>
    <format>text/css</format>
    <size/>
    <location>index.html</location>
    <duration>
      <duration>PT0H0M0S</duration>
      <description>
        <string language="de"><![CDATA[The time it will take to watch the entire module from start to finish.]]></string>
      </description>
    </duration>
    <pkgprop:ScormEnginePackageProperties xmlns="http://www.scorm.com/xsd/ScormEnginePackageProperties">
      <appearance>
        <displayStage>
          <desired>
            <width>1280</width>
            <height>720</height>
            <fullscreen>yes</fullscreen>
          </desired>
          <required>
            <width>300</width>
            <height>300</height>
            <fullscreen>no</fullscreen>
          </required>
        </displayStage>
      </appearance>
      <behavior>
        <alwaysFlowToFirstSco>yes</alwaysFlowToFirstSco>
        <rollupEmptySetToUnknown>yes</rollupEmptySetToUnknown>
      </behavior>
    </pkgprop:ScormEnginePackageProperties>
  </technical>
  <educational>
    <typicalLearningTime>
      <duration>PT0H5M0S</duration>
      <description>
        <string language="de"><![CDATA[The average time for a learner to complete this course.]]></string>
      </description>
    </typicalLearningTime>
    <description>
      <string><![CDATA[Diese Session erschließt die wahre Macht relationaler Datenbanken: das Kombinieren von Daten über Tabellengrenzen hinweg. Sie lernen vier Techniken kennen – vom kartesischen Produkt über Subqueries und CTEs bis zu expliziten JOINs (INNER, LEFT, RIGHT, FULL, CROSS) – und verstehen, wann welcher Ansatz optimal ist. Praxisnah am E-Commerce-Schema mit 7 normalisierten Tabellen erleben Sie, wie Foreign Keys Beziehungen herstellen, wie Anti-Joins fehlende Daten aufspüren, und wie Set-Operationen (UNION, INTERSECT, EXCEPT) Ergebnisse vertikal kombinieren. Am Ende beherrschen Sie Multi-Table-Queries – das Herzstück von SQL in Produktion.]]></string>
    </description>
    <language>de</language>
  </educational>
  <rights>
    <copyrightAndOtherRestrictions>
      <source>LOMv1.0</source>
      <value>no</value>
    </copyrightAndOtherRestrictions>
    <description>
      <string language="de"><![CDATA[© LiaScript. All rights reserved.]]></string>
    </description>
  </rights>
</lom>